Template,Announce_date,PSE_Form_No,RC_No,Files
Statement of Changes in Beneficial Ownership of Securities,"Sep 11, 2018 07:31 AM",17-7,CR05780-2018,"10TK7kOmu6o-TrY7_WBWWcFxtnQQSMXtl"
Statement of Changes in Beneficial Ownership of Securities,"Jun 11, 2018 02:17 PM",17-7,CR03996-2018,"1Jxi4LYmsA3GzBVkX7mVUaPLu5i_b1ZOx"
Statement of Changes in Beneficial Ownership of Securities,"Jun 11, 2018 01:45 PM",17-7,CR03995-2018,"1Rn-NR8JcYczdDvedO26889Ha3E8HRX3t"
Statement of Changes in Beneficial Ownership of Securities,"May 10, 2018 01:45 PM",17-7,CR03013-2018,"1KpSKwkZuVgy7BRjNFv6zLU9JVke71Tee"
Statement of Changes in Beneficial Ownership of Securities,"Nov 14, 2017 07:24 AM",17-7,CR07810-2017,"1muwwJL4d4ByT2i0GK64kQvT8I6O_SKhb"
Statement of Changes in Beneficial Ownership of Securities,"Oct 10, 2017 02:49 PM",17-7,CR06923-2017,"10V3wJ3BHmAuj0e9SNMlUd9roWOmItDtE"
Statement of Changes in Beneficial Ownership of Securities,"Aug 11, 2017 08:10 AM",17-7,CR05837-2017,"1GJKmhrQNQ9FmEsq-lh0Qf3pgzKgGwN5s"
Statement of Changes in Beneficial Ownership of Securities,"Jun 09, 2017 10:43 AM",17-7,CR04438-2017,"1YYZDvFHtXo7P3FsRpbSh81I6Gb0ptkrJ"
Statement of Changes in Beneficial Ownership of Securities,"May 11, 2017 07:40 AM",17-7,CR03219-2017,"15W40b5g9SjQ2u1mSTxwytNw_NZ7YYFwO"
Statement of Changes in Beneficial Ownership of Securities,"Mar 09, 2017 02:23 PM",17-7,CR01340-2017,"1zn6xiPq54ZFAorBj3qq_38zISfFLyY9e"
Statement of Changes in Beneficial Ownership of Securities,"Nov 11, 2016 07:39 AM",17-7,CR07187-2016,"1b2sdfi6FqCdnsLqJAfSx5XHXW8AFBZsT"
Statement of Changes in Beneficial Ownership of Securities,"Oct 10, 2016 12:14 PM",17-7,CR06508-2016,"1qGdyEOZtxv97EplCXu32VEl5y0DtZ0RM"
